Table,Records,Columns,Size (MB)
Papers,100000,9,71.53047180175781
Authorships,289513,4,61.22773838043213
Citations,538071,4,131.3375129699707
Coauthorships,393147,5,111.28010654449463
