Table,Records,Columns,Size (MB)
Papers,3079007,9,3727.395853996277
Authorships,9476165,4,1991.1433486938477
Citations,25166994,4,6277.374795913696
Coauthorships,14724453,5,4218.64980506897
